{
  "model_name": "Random Forest",
  "metrics": {
    "rmse": 4.138867672928114,
    "mae": 3.1878595745262968,
    "r2": 0.9638708722117417,
    "balanced_accuracy": 0.907741381425592,
    "composite_score": 0.9324257804903706
  },
  "feature_defaults": {
    "task_completion_hrs": 10.1,
    "feedback_rating": 3.11,
    "attendance_pct": 81.4
  },
  "classification": {
    "accuracy": 0.905,
    "balanced_accuracy": 0.9243604266968752,
    "macro_precision": 0.910359231411863,
    "macro_recall": 0.9243604266968752,
    "macro_f1": 0.9170916199218085,
    "per_class": {
      "Excel": {
        "precision": 0.8646616541353384,
        "recall": 0.8712121212121212,
        "f1": 0.8679245283018868,
        "support": 132
      },
      "Average": {
        "precision": 0.919047619047619,
        "recall": 0.9018691588785047,
        "f1": 0.910377358490566,
        "support": 214
      },
      "Struggle": {
        "precision": 0.9473684210526315,
        "recall": 1.0,
        "f1": 0.972972972972973,
        "support": 54
      }
    },
    "confusion_matrix": [
      [
        115,
        17,
        0
      ],
      [
        18,
        193,
        3
      ],
      [
        0,
        0,
        54
      ]
    ]
  },
  "threshold_optimization": {
    "struggle_threshold": 38.0,
    "excel_threshold": 77.0,
    "best_macro_f1": 0.9088209573229359
  },
  "test_metrics": {
    "rmse": 4.115093429333956,
    "mae": 3.0509703244514617,
    "r2": 0.9666141450130894
  }
}